id,skills,percentage
1,Python,0.581802
2,SQL,0.543132
3,Machine Learning,0.401925
4,R,0.390901
5,Hadoop,0.299913
6,Tableau,0.216273
7,Sas,0.164654
8,Spark,0.267892
9,Java,0.258968
